{
  "current": {
    "color_text": "#3d4246",
    "color_body_text": "#69727b",
    "color_sale_text": "#557B97",
    "color_borders": "#e8e9eb",
    "color_button": "#557B97",
    "color_button_text": "#fff",
    "color_small_button_text_border": "#3d4246",
    "color_text_field": "#fff",
    "color_text_field_text": "#000",
    "color_image_overlay_text": "#fff",
    "color_image_overlay": "#3d4246",
    "image_overlay_opacity": 40,
    "color_body_bg": "#fff",
    "type_header_font": "work_sans_n6",
    "type_header_base_size": 26,
    "type_base_font": "work_sans_n4",
    "type_base_size": 16,
    "type_bold_product_titles": false,
    "share_facebook": true,
    "share_twitter": true,
    "share_pinterest": true,
    "sections": {
      "header": {
        "type": "header",
        "settings": {}
      },
      "hero": {
        "type": "hero",
        "settings": {
          "text_size": "large"
        }
      },
      "slideshow": {
        "type": "slideshow",
        "blocks": {
          "slideshow-0": {
            "type": "image",
            "settings": {}
          },
          "slideshow-1": {
            "type": "image",
            "settings": {}
          }
        },
        "block_order": [
          "slideshow-0",
          "slideshow-1"
        ],
        "settings": {}
      },
      "featured-collections": {
        "type": "collection",
        "settings": {
          "collection": "frontpage"
        }
      },
      "feature-row": {
        "type": "feature-row",
        "settings": {}
      },
      "footer": {
        "type": "footer",
        "settings": {
          "footer_linklist_two": ""
        }
      }
    },
    "content_for_index": [
      "hero",
      "featured-collections",
      "feature-row",
      "slideshow"
    ]
  },
  "presets": {
    "Default": {
      "color_text": "#3d4246",
      "color_body_text": "#69727b",
      "color_sale_text": "#557B97",
      "color_borders": "#e8e9eb",
      "color_button": "#557B97",
      "color_button_text": "#fff",
      "color_small_button_text_border": "#3d4246",
      "color_text_field": "#fff",
      "color_text_field_text": "#000",
      "color_image_overlay_text": "#fff",
      "color_image_overlay": "#3d4246",
      "image_overlay_opacity": 40,
      "color_body_bg": "#fff",
      "type_header_font": "work_sans_n6",
      "type_header_base_size": 26,
      "type_base_font": "work_sans_n4",
      "type_base_size": 16,
      "type_bold_product_titles": false,
      "share_facebook": true,
      "share_twitter": true,
      "share_pinterest": true,
      "sections": {
        "header": {
          "type": "header",
          "settings": {}
        },
        "hero": {
          "type": "hero",
          "settings": {
            "text_size": "large"
          }
        },
        "slideshow": {
          "type": "slideshow",
          "blocks": {
            "slideshow-0": {
              "type": "image",
              "settings": {}
            },
            "slideshow-1": {
              "type": "image",
              "settings": {}
            }
          },
          "block_order": [
            "slideshow-0",
            "slideshow-1"
          ],
          "settings": {}
        },
        "featured-collections": {
          "type": "collection",
          "settings": {
            "collection": "frontpage"
          }
        },
        "feature-row": {
          "type": "feature-row",
          "settings": {}
        },
        "footer": {
          "type": "footer",
          "settings": {
            "footer_linklist_two": ""
          }
        }
      },
      "content_for_index": [
        "hero",
        "featured-collections",
        "feature-row",
        "slideshow"
      ]
    },
    "Light": {
      "color_text": "#162950",
      "color_body_text": "#6d6d6d",
      "color_sale_text": "#DA2F0C",
      "color_borders": "#e4e4e4",
      "color_button": "#DA2F0C",
      "color_button_text": "#ffffff",
      "color_small_button_text_border": "#162950",
      "color_text_field": "#ffffff",
      "color_text_field_text": "#162950",
      "color_image_overlay_text": "#ffffff",
      "color_image_overlay": "#3d3d3d",
      "image_overlay_opacity": 40,
      "color_body_bg": "#f8f8f8",
      "type_header_font": "muli_n6",
      "type_header_base_size": 26,
      "type_base_font": "muli_n4",
      "type_base_size": 18,
      "type_bold_product_titles": true,
      "share_facebook": true,
      "share_twitter": true,
      "share_pinterest": true,
      "social_twitter_link": "",
      "social_facebook_link": "",
      "social_pinterest_link": "",
      "social_instagram_link": "",
      "social_tumblr_link": "",
      "social_snapchat_link": "",
      "social_youtube_link": "",
      "social_vimeo_link": "",
      "favicon": "",
      "checkout_header_image": "",
      "checkout_logo_image": "",
      "checkout_logo_position": "left",
      "checkout_logo_size": "small",
      "checkout_body_background_image": "",
      "checkout_body_background_color": "#ffffff",
      "checkout_input_background_color_mode": "white",
      "checkout_sidebar_background_image": "",
      "checkout_sidebar_background_color": "#e8f3f6",
      "checkout_heading_font": "Roboto",
      "checkout_body_font": "Source Sans Pro",
      "checkout_accent_color": "#1990c6",
      "checkout_button_color": "#23314e",
      "checkout_error_color": "#ff6d6d",
      "sections": {
        "header": {
          "type": "header",
          "settings": {
            "align_logo": "left",
            "logo": "",
            "logo_max_width": 135,
            "main_linklist": "main-menu",
            "message": true,
            "color_bg": "#162950",
            "color_text": "#ffffff"
          }
        },
        "hero": {
          "type": "hero",
          "settings": {
            "alignment": "center",
            "hero_size": "x-large",
            "text_size": "large"
          }
        },
        "slideshow": {
          "type": "slideshow",
          "blocks": {
            "slideshow-0": {
              "type": "image",
              "settings": {
                "image": "",
                "alignment": "center"
              }
            },
            "1492095993817": {
              "type": "image",
              "settings": {
                "image": "",
                "alignment": "center"
              }
            }
          },
          "block_order": [
            "slideshow-0",
            "1492095993817"
          ],
          "settings": {
            "autoplay": true,
            "autoplay_speed": 6,
            "slideshow_height": "medium",
            "text_size": "medium"
          }
        },
        "featured-collections": {
          "type": "collection",
          "settings": {
            "grid": 3,
            "rows": 1,
            "show_vendor": true,
            "show_view_all": true
          }
        },
        "footer": {
          "type": "footer",
          "settings": {
            "footer_linklist": "main-menu",
            "footer_linklist_two": "footer",
            "footer_newsletter_enable": true,
            "show_payment_icons": true
          }
        },
        "product-template": {
          "type": "product-template",
          "settings": {
            "image_size": "medium",
            "show_quantity_selector": false,
            "show_variant_labels": true,
            "show_vendor": false,
            "enable_zoom": true,
            "show_share_buttons": true
          }
        },
        "collection-template": {
          "type": "collection-template",
          "settings": {
            "layout": "grid",
            "grid": 2,
            "rows": 2,
            "show_collection_image": true,
            "show_vendor": false,
            "sort_enable": true,
            "tags_enable": true
          }
        },
        "1492033809691": {
          "type": "map",
          "settings": {}
        },
        "1492033877875": {
          "type": "quotes",
          "blocks": {
            "1492033877875-0": {
              "type": "quote",
              "settings": {}
            }
          },
          "block_order": [
            "1492033877875-0"
          ],
          "settings": {}
        },
        "1492033924902": {
          "type": "custom-content",
          "blocks": {
            "1492033924902-0": {
              "type": "text",
              "settings": {
                "width": "100%",
                "alignment": "center",
                "align_text": "center"
              }
            }
          },
          "block_order": [
            "1492033924902-0"
          ],
          "settings": {
            "title": ""
          }
        },
        "1492096252560": {
          "type": "collection-list",
          "blocks": {
            "1492096252560-0": {
              "type": "featured_collection",
              "settings": {}
            },
            "1492096252560-1": {
              "type": "featured_collection",
              "settings": {}
            },
            "1492096252560-2": {
              "type": "featured_collection",
              "settings": {}
            }
          },
          "block_order": [
            "1492096252560-0",
            "1492096252560-1",
            "1492096252560-2"
          ],
          "settings": {
            "grid": 3
          }
        },
        "blog-template": {
          "type": "blog-template",
          "settings": {
            "layout": "grid",
            "blog_show_author": true,
            "blog_show_date": false
          }
        },
        "article-template": {
          "type": "article-template",
          "settings": {
            "blog_show_author": true,
            "blog_show_date": true,
            "show_share_buttons": true
          }
        },
        "cart-template": {
          "type": "cart-template",
          "settings": {
            "cart_notes_enable": false
          }
        }
      },
      "content_for_index": [
        "hero",
        "featured-collections",
        "slideshow",
        "1492033924902",
        "1492096252560",
        "1492033877875",
        "1492033809691"
      ]
    }
  }
}